date,kelurahan,population,mig_in,mig_out
2019-01-01,Balai-Balai,350.96301913602207,1.0,1.0
2019-02-01,Balai-Balai,352.8874058319096,1.0,1.0
2019-03-01,Balai-Balai,355.1329792261457,1.0,1.0
2019-04-01,Balai-Balai,354.67312806425093,1.0,1.0
2019-05-01,Balai-Balai,354.4026945802739,1.0,1.0
2019-06-01,Balai-Balai,354.87033798228924,1.0,1.0
2019-07-01,Balai-Balai,354.41180858345473,1.0,1.0
2019-08-01,Balai-Balai,353.8295086131064,1.0,1.0
2019-09-01,Balai-Balai,352.3675802164404,1.0,1.0
2019-10-01,Balai-Balai,352.576853710941,1.0,1.0
2019-11-01,Balai-Balai,353.0851318706882,1.0,1.0
2019-12-01,Balai-Balai,353.4964219562678,1.0,1.0
2020-01-01,Balai-Balai,355.37923433755964,1.0,1.0
2020-02-01,Balai-Balai,357.07555166877665,1.0,1.0
2020-03-01,Balai-Balai,357.7346325034274,1.0,1.0
2020-04-01,Balai-Balai,359.35355138140756,1.0,1.0
2020-05-01,Balai-Balai,359.38873291522407,1.0,1.0
2020-06-01,Balai-Balai,360.53803150810285,1.0,1.0
2020-07-01,Balai-Balai,360.31210161333445,1.0,1.0
2020-08-01,Balai-Balai,359.56896360253745,1.0,1.0
2020-09-01,Balai-Balai,358.23772883691845,1.0,1.0
2020-10-01,Balai-Balai,358.7573138648909,1.0,1.0
2020-11-01,Balai-Balai,358.4387286969876,1.0,1.0
2020-12-01,Balai-Balai,358.41281898623106,1.0,1.0
2021-01-01,Balai-Balai,358.9929347810089,1.0,1.0
2021-02-01,Balai-Balai,360.76486733760885,1.0,1.0
2021-03-01,Balai-Balai,362.5397838881561,2.0,1.0
2021-04-01,Balai-Balai,364.22045477829147,1.0,1.0
2021-05-01,Balai-Balai,365.52467387762215,1.0,1.0
2021-06-01,Balai-Balai,367.84907307693607,1.0,1.0
2021-07-01,Balai-Balai,367.2908908148897,1.0,1.0
2021-08-01,Balai-Balai,366.2332308929399,1.0,1.0
2021-09-01,Balai-Balai,364.75593766216736,1.0,1.0
2021-10-01,Balai-Balai,364.732744574059,2.0,1.0
2021-11-01,Balai-Balai,365.57860350573566,1.0,1.0
2021-12-01,Balai-Balai,365.83979173970215,1.0,1.0
2022-01-01,Balai-Balai,365.984466729401,1.0,1.0
2022-02-01,Balai-Balai,366.54502843393345,1.0,1.0
2022-03-01,Balai-Balai,368.6107281267319,1.0,1.0
2022-04-01,Balai-Balai,370.625223920982,1.0,1.0
2022-05-01,Balai-Balai,372.05672172149053,1.0,1.0
2022-06-01,Balai-Balai,371.8089943231194,1.0,1.0
2022-07-01,Balai-Balai,371.8380763460597,2.0,1.0
2022-08-01,Balai-Balai,371.35103511800673,1.0,1.0
2022-09-01,Balai-Balai,370.8096916188278,1.0,1.0
2022-10-01,Balai-Balai,371.0225421977921,1.0,1.0
2022-11-01,Balai-Balai,371.04362145558736,1.0,1.0
2022-12-01,Balai-Balai,372.04491441629574,1.0,1.0
2023-01-01,Balai-Balai,373.03845094023956,1.0,1.0
2023-02-01,Balai-Balai,374.6520955625022,1.0,1.0
2023-03-01,Balai-Balai,376.7453298017779,1.0,1.0
2023-04-01,Balai-Balai,376.7243350424942,1.0,1.0
2023-05-01,Balai-Balai,377.3647391305617,1.0,1.0
2023-06-01,Balai-Balai,377.29775611217246,1.0,1.0
2023-07-01,Balai-Balai,376.5060769988876,1.0,1.0
2023-08-01,Balai-Balai,375.6446979086081,1.0,1.0
2023-09-01,Balai-Balai,376.29323800509786,1.0,1.0
2023-10-01,Balai-Balai,374.877554971497,1.0,1.0
2023-11-01,Balai-Balai,375.59641514331037,1.0,1.0
2023-12-01,Balai-Balai,374.39008400521647,1.0,1.0
2024-01-01,Balai-Balai,375.0122446680476,1.0,1.0
2024-02-01,Balai-Balai,376.51552844924805,1.0,1.0
2024-03-01,Balai-Balai,378.5765841383453,1.0,1.0
2024-04-01,Balai-Balai,380.6151229946515,1.0,1.0
2024-05-01,Balai-Balai,382.32386914510636,1.0,1.0
2024-06-01,Balai-Balai,382.37239403253767,1.0,1.0
2024-07-01,Balai-Balai,381.7387289038099,1.0,1.0
2024-08-01,Balai-Balai,381.94503474806663,1.0,1.0
2024-09-01,Balai-Balai,380.9975450603951,1.0,1.0
2024-10-01,Balai-Balai,379.1744040376041,0.0,1.0
2024-11-01,Balai-Balai,377.9103539582124,1.0,1.0
2024-12-01,Balai-Balai,377.4185703735969,1.0,1.0
2025-01-01,Balai-Balai,378.83280113670014,1.0,1.0
2025-02-01,Balai-Balai,380.33207914057124,1.0,1.0
2025-03-01,Balai-Balai,382.5135599607084,1.0,1.0
2025-04-01,Balai-Balai,383.4806694219726,1.0,1.0
2025-05-01,Balai-Balai,384.59216704681785,1.0,1.0
2025-06-01,Balai-Balai,385.57870148524745,1.0,1.0
2025-07-01,Balai-Balai,385.08713777697665,1.0,1.0
2025-08-01,Balai-Balai,384.9096286087821,1.0,1.0
2025-09-01,Balai-Balai,383.50282495580865,1.0,1.0
2019-01-01,Bukit Surungan,323.337607166172,1.0,0.0
2019-02-01,Bukit Surungan,323.2702572648807,1.0,1.0
2019-03-01,Bukit Surungan,324.69683614459007,1.0,1.0
2019-04-01,Bukit Surungan,325.2205278542715,1.0,1.0
2019-05-01,Bukit Surungan,325.78076744319264,1.0,1.0
2019-06-01,Bukit Surungan,326.2346343857969,1.0,1.0
2019-07-01,Bukit Surungan,326.1712307859983,1.0,1.0
2019-08-01,Bukit Surungan,325.9272403036696,1.0,1.0
2019-09-01,Bukit Surungan,324.9315245362045,1.0,1.0
2019-10-01,Bukit Surungan,323.8062216196058,1.0,1.0
2019-11-01,Bukit Surungan,323.3178406523531,1.0,1.0
2019-12-01,Bukit Surungan,322.0154932427658,1.0,1.0
2020-01-01,Bukit Surungan,321.3931844411735,1.0,1.0
2020-02-01,Bukit Surungan,321.2240253856163,1.0,1.0
2020-03-01,Bukit Surungan,321.445852897667,1.0,1.0
2020-04-01,Bukit Surungan,322.6647327402886,1.0,1.0
2020-05-01,Bukit Surungan,322.4788232391143,1.0,1.0
2020-06-01,Bukit Surungan,322.23550763531915,1.0,1.0
2020-07-01,Bukit Surungan,322.8589051583269,1.0,0.0
2020-08-01,Bukit Surungan,321.7947564606713,1.0,1.0
2020-09-01,Bukit Surungan,321.482327885142,1.0,1.0
2020-10-01,Bukit Surungan,319.9598110100109,1.0,1.0
2020-11-01,Bukit Surungan,319.3768002065975,1.0,1.0
2020-12-01,Bukit Surungan,318.6791412444324,1.0,1.0
2021-01-01,Bukit Surungan,318.9475777005896,1.0,1.0
2021-02-01,Bukit Surungan,320.50923238838374,1.0,1.0
2021-03-01,Bukit Surungan,320.14371089263756,1.0,1.0
2021-04-01,Bukit Surungan,321.3854625308199,1.0,1.0
2021-05-01,Bukit Surungan,322.12037509930593,1.0,1.0
2021-06-01,Bukit Surungan,321.70336185964356,1.0,1.0
2021-07-01,Bukit Surungan,320.1207010749466,1.0,1.0
2021-08-01,Bukit Surungan,319.407596200801,1.0,1.0
2021-09-01,Bukit Surungan,318.08859759261173,1.0,1.0
2021-10-01,Bukit Surungan,317.50738228084685,1.0,1.0
2021-11-01,Bukit Surungan,317.1090193341549,1.0,1.0
2021-12-01,Bukit Surungan,318.4396984738818,1.0,1.0
2022-01-01,Bukit Surungan,318.78742059366795,1.0,1.0
2022-02-01,Bukit Surungan,318.8587529146836,1.0,1.0
2022-03-01,Bukit Surungan,320.01980157352784,1.0,1.0
2022-04-01,Bukit Surungan,321.089041848673,1.0,1.0
2022-05-01,Bukit Surungan,322.7250140250112,1.0,1.0
2022-06-01,Bukit Surungan,323.4605842124076,1.0,1.0
2022-07-01,Bukit Surungan,323.32531088705434,1.0,1.0
2022-08-01,Bukit Surungan,323.726864055262,1.0,1.0
2022-09-01,Bukit Surungan,321.8579691949916,0.0,1.0
2022-10-01,Bukit Surungan,320.5695619405171,1.0,1.0
2022-11-01,Bukit Surungan,319.40825919287073,1.0,1.0
2022-12-01,Bukit Surungan,319.15795803443933,1.0,1.0
2023-01-01,Bukit Surungan,318.597459389828,1.0,1.0
2023-02-01,Bukit Surungan,319.99353755766555,1.0,1.0
2023-03-01,Bukit Surungan,320.8365009561367,1.0,1.0
2023-04-01,Bukit Surungan,320.5485084300786,1.0,1.0
2023-05-01,Bukit Surungan,320.2754380045221,1.0,1.0
2023-06-01,Bukit Surungan,320.58770811559066,1.0,1.0
2023-07-01,Bukit Surungan,320.8388427674559,1.0,1.0
2023-08-01,Bukit Surungan,321.66413885150047,1.0,1.0
2023-09-01,Bukit Surungan,323.0970519681451,1.0,1.0
2023-10-01,Bukit Surungan,322.6531254128422,1.0,1.0
2023-11-01,Bukit Surungan,321.4335538320604,1.0,1.0
2023-12-01,Bukit Surungan,319.7813649097628,1.0,1.0
2024-01-01,Bukit Surungan,320.53661422183296,1.0,1.0
2024-02-01,Bukit Surungan,320.7775362213655,1.0,1.0
2024-03-01,Bukit Surungan,321.4671875135056,1.0,1.0
2024-04-01,Bukit Surungan,321.8706713611586,1.0,1.0
2024-05-01,Bukit Surungan,322.3015868467847,1.0,1.0
2024-06-01,Bukit Surungan,323.2222510829022,1.0,1.0
2024-07-01,Bukit Surungan,322.925821137154,1.0,1.0
2024-08-01,Bukit Surungan,322.02061664494386,1.0,1.0
2024-09-01,Bukit Surungan,320.2844866320981,1.0,1.0
2024-10-01,Bukit Surungan,318.1756919380427,1.0,1.0
2024-11-01,Bukit Surungan,317.37280924813666,1.0,1.0
2024-12-01,Bukit Surungan,317.3907688750104,1.0,1.0
2025-01-01,Bukit Surungan,319.33277424618603,1.0,1.0
2025-02-01,Bukit Surungan,320.32789116244703,1.0,1.0
2025-03-01,Bukit Surungan,322.1397726614379,1.0,1.0
2025-04-01,Bukit Surungan,322.635198498565,1.0,1.0
2025-05-01,Bukit Surungan,322.2235118791234,1.0,1.0
2025-06-01,Bukit Surungan,321.507472453162,1.0,1.0
2025-07-01,Bukit Surungan,320.5043988521994,1.0,1.0
2025-08-01,Bukit Surungan,321.43413770945585,1.0,1.0
2025-09-01,Bukit Surungan,319.8728677520436,1.0,1.0
2019-01-01,Ekor Lubuk,337.59276276650183,1.0,1.0
2019-02-01,Ekor Lubuk,339.60971638372314,1.0,1.0
2019-03-01,Ekor Lubuk,341.30970714080917,1.0,1.0
2019-04-01,Ekor Lubuk,342.41694812241366,1.0,1.0
2019-05-01,Ekor Lubuk,343.25098489268254,1.0,1.0
2019-06-01,Ekor Lubuk,343.04423768896083,1.0,1.0
2019-07-01,Ekor Lubuk,343.2670284925801,1.0,1.0
2019-08-01,Ekor Lubuk,342.3401721479728,1.0,1.0
2019-09-01,Ekor Lubuk,340.619997568506,1.0,1.0
2019-10-01,Ekor Lubuk,339.00059825356163,1.0,1.0
2019-11-01,Ekor Lubuk,338.98909239301196,1.0,1.0
2019-12-01,Ekor Lubuk,340.68002566966607,1.0,1.0
2020-01-01,Ekor Lubuk,341.68124800760165,1.0,1.0
2020-02-01,Ekor Lubuk,342.8222717138594,1.0,1.0
2020-03-01,Ekor Lubuk,344.45304495037584,1.0,1.0
2020-04-01,Ekor Lubuk,346.8345909525439,1.0,1.0
2020-05-01,Ekor Lubuk,347.9055286328152,1.0,1.0
2020-06-01,Ekor Lubuk,347.90829872006225,1.0,1.0
2020-07-01,Ekor Lubuk,348.70821836352263,1.0,1.0
2020-08-01,Ekor Lubuk,348.5358834161703,1.0,1.0
2020-09-01,Ekor Lubuk,349.18592886951154,1.0,1.0
2020-10-01,Ekor Lubuk,348.7993610690831,1.0,1.0
2020-11-01,Ekor Lubuk,347.56985793791483,1.0,1.0
2020-12-01,Ekor Lubuk,346.7400009115203,1.0,1.0
2021-01-01,Ekor Lubuk,349.05473105026635,1.0,1.0
2021-02-01,Ekor Lubuk,351.8338876634984,1.0,1.0
2021-03-01,Ekor Lubuk,353.0965642546703,1.0,1.0
2021-04-01,Ekor Lubuk,354.04133099169786,1.0,1.0
2021-05-01,Ekor Lubuk,356.23666433777885,1.0,1.0
2021-06-01,Ekor Lubuk,355.61890098185717,1.0,1.0
2021-07-01,Ekor Lubuk,354.6583791096464,1.0,1.0
2021-08-01,Ekor Lubuk,354.67305384422326,1.0,1.0
2021-09-01,Ekor Lubuk,353.62629424794136,1.0,1.0
2021-10-01,Ekor Lubuk,353.06855187415687,1.0,1.0
2021-11-01,Ekor Lubuk,352.7601017389819,1.0,1.0
2021-12-01,Ekor Lubuk,353.42369848439324,1.0,1.0
2022-01-01,Ekor Lubuk,355.56740201621864,1.0,1.0
2022-02-01,Ekor Lubuk,356.94145653023304,1.0,1.0
2022-03-01,Ekor Lubuk,358.96024738928884,1.0,1.0
2022-04-01,Ekor Lubuk,358.41930923097163,1.0,1.0
2022-05-01,Ekor Lubuk,359.2851765630353,1.0,1.0
2022-06-01,Ekor Lubuk,358.8993346595398,1.0,1.0
2022-07-01,Ekor Lubuk,357.63930199469684,1.0,1.0
2022-08-01,Ekor Lubuk,356.29587637464175,1.0,1.0
2022-09-01,Ekor Lubuk,355.2980947612215,1.0,1.0
2022-10-01,Ekor Lubuk,355.554531305861,1.0,1.0
2022-11-01,Ekor Lubuk,354.21066005898314,1.0,1.0
2022-12-01,Ekor Lubuk,354.6048975893527,0.0,1.0
2023-01-01,Ekor Lubuk,355.07453770434483,1.0,1.0
2023-02-01,Ekor Lubuk,356.0740552831093,1.0,1.0
2023-03-01,Ekor Lubuk,358.408645924158,1.0,1.0
2023-04-01,Ekor Lubuk,360.1961356399131,1.0,1.0
2023-05-01,Ekor Lubuk,362.3176477114826,1.0,1.0
2023-06-01,Ekor Lubuk,362.55303839092034,1.0,1.0
2023-07-01,Ekor Lubuk,361.7538784148608,1.0,1.0
2023-08-01,Ekor Lubuk,360.98580427458967,1.0,1.0
2023-09-01,Ekor Lubuk,360.4942446791795,1.0,1.0
2023-10-01,Ekor Lubuk,360.08916414873084,1.0,1.0
2023-11-01,Ekor Lubuk,358.9459103590154,1.0,1.0
2023-12-01,Ekor Lubuk,359.3991886243171,1.0,1.0
2024-01-01,Ekor Lubuk,360.5168907413883,2.0,1.0
2024-02-01,Ekor Lubuk,364.10536395705964,1.0,1.0
2024-03-01,Ekor Lubuk,367.29147487935705,1.0,1.0
2024-04-01,Ekor Lubuk,367.84103360847774,1.0,1.0
2024-05-01,Ekor Lubuk,368.5096279648787,1.0,1.0
2024-06-01,Ekor Lubuk,367.5419026424164,1.0,1.0
2024-07-01,Ekor Lubuk,366.828397174242,1.0,1.0
2024-08-01,Ekor Lubuk,366.5435014989002,1.0,1.0
2024-09-01,Ekor Lubuk,366.925418149585,1.0,1.0
2024-10-01,Ekor Lubuk,365.68363909709853,1.0,1.0
2024-11-01,Ekor Lubuk,364.9157711378195,1.0,1.0
2024-12-01,Ekor Lubuk,363.3329705144619,1.0,1.0
2025-01-01,Ekor Lubuk,364.1069433372601,1.0,1.0
2025-02-01,Ekor Lubuk,364.4606431193185,1.0,1.0
2025-03-01,Ekor Lubuk,365.44851688740243,1.0,1.0
2025-04-01,Ekor Lubuk,365.97366223221775,1.0,1.0
2025-05-01,Ekor Lubuk,366.816003672803,1.0,1.0
2025-06-01,Ekor Lubuk,365.58257382100464,1.0,1.0
2025-07-01,Ekor Lubuk,364.07230961571287,1.0,1.0
2025-08-01,Ekor Lubuk,365.4377141614958,1.0,1.0
2025-09-01,Ekor Lubuk,363.5451157366106,1.0,1.0
2019-01-01,Guguk Malintang,265.56561080922813,1.0,1.0
2019-02-01,Guguk Malintang,268.44934892309334,1.0,1.0
2019-03-01,Guguk Malintang,268.726393431356,1.0,1.0
2019-04-01,Guguk Malintang,269.4375366991816,1.0,1.0
2019-05-01,Guguk Malintang,270.3339861395305,1.0,1.0
2019-06-01,Guguk Malintang,271.7655655687497,1.0,1.0
2019-07-01,Guguk Malintang,270.95091446356764,1.0,1.0
2019-08-01,Guguk Malintang,270.3431365348373,1.0,1.0
2019-09-01,Guguk Malintang,270.31776331188973,1.0,1.0
2019-10-01,Guguk Malintang,270.17022597335927,1.0,0.0
2019-11-01,Guguk Malintang,269.7726208140253,1.0,1.0
2019-12-01,Guguk Malintang,269.94386678240085,1.0,1.0
2020-01-01,Guguk Malintang,269.68077459765266,1.0,1.0
2020-02-01,Guguk Malintang,270.4824535501372,1.0,1.0
2020-03-01,Guguk Malintang,271.3761155054986,1.0,1.0
2020-04-01,Guguk Malintang,272.5030735306711,1.0,1.0
2020-05-01,Guguk Malintang,272.7972042117409,1.0,1.0
2020-06-01,Guguk Malintang,273.3836227515301,1.0,1.0
2020-07-01,Guguk Malintang,273.9300207610973,1.0,1.0
2020-08-01,Guguk Malintang,273.5895270709453,1.0,0.0
2020-09-01,Guguk Malintang,273.273354630888,1.0,1.0
2020-10-01,Guguk Malintang,272.86391924596415,1.0,1.0
2020-11-01,Guguk Malintang,272.71886945279306,1.0,0.0
2020-12-01,Guguk Malintang,272.49088097007007,0.0,1.0
2021-01-01,Guguk Malintang,273.3803746154183,1.0,0.0
2021-02-01,Guguk Malintang,274.28968458356536,1.0,1.0
2021-03-01,Guguk Malintang,276.82035763578693,1.0,1.0
2021-04-01,Guguk Malintang,278.9014063405996,1.0,1.0
2021-05-01,Guguk Malintang,279.8603015252443,1.0,1.0
2021-06-01,Guguk Malintang,279.5972798390318,1.0,1.0
2021-07-01,Guguk Malintang,278.6714371994672,1.0,1.0
2021-08-01,Guguk Malintang,279.0454326464599,0.0,1.0
2021-09-01,Guguk Malintang,278.6609887448003,1.0,1.0
2021-10-01,Guguk Malintang,278.5404584094223,1.0,1.0
2021-11-01,Guguk Malintang,277.17813392447744,1.0,1.0
2021-12-01,Guguk Malintang,278.09019000919466,1.0,1.0
2022-01-01,Guguk Malintang,279.09408818983565,1.0,1.0
2022-02-01,Guguk Malintang,279.3129727994914,1.0,1.0
2022-03-01,Guguk Malintang,280.091997565525,1.0,1.0
2022-04-01,Guguk Malintang,281.27731974189464,1.0,1.0
2022-05-01,Guguk Malintang,282.0093738768455,1.0,1.0
2022-06-01,Guguk Malintang,282.0766400189066,1.0,1.0
2022-07-01,Guguk Malintang,281.85369317173524,1.0,1.0
2022-08-01,Guguk Malintang,281.2167458802968,1.0,1.0
2022-09-01,Guguk Malintang,280.75200217212614,1.0,1.0
2022-10-01,Guguk Malintang,281.3252403248712,1.0,1.0
2022-11-01,Guguk Malintang,279.3714287833311,1.0,1.0
2022-12-01,Guguk Malintang,279.4767408884147,1.0,1.0
2023-01-01,Guguk Malintang,280.29099266226586,1.0,1.0
2023-02-01,Guguk Malintang,281.4998549463984,1.0,1.0
2023-03-01,Guguk Malintang,282.3553582305343,1.0,1.0
2023-04-01,Guguk Malintang,282.118962379804,1.0,1.0
2023-05-01,Guguk Malintang,283.04801685726227,1.0,1.0
2023-06-01,Guguk Malintang,284.5459702566214,1.0,1.0
2023-07-01,Guguk Malintang,283.30409553720125,1.0,1.0
2023-08-01,Guguk Malintang,283.45286225012734,1.0,1.0
2023-09-01,Guguk Malintang,282.6442020213959,1.0,1.0
2023-10-01,Guguk Malintang,282.13996601806105,1.0,1.0
2023-11-01,Guguk Malintang,281.24765880993516,1.0,1.0
2023-12-01,Guguk Malintang,281.28498305126686,1.0,1.0
2024-01-01,Guguk Malintang,282.89653731868674,1.0,1.0
2024-02-01,Guguk Malintang,284.32009953053023,1.0,1.0
2024-03-01,Guguk Malintang,286.6857999987123,1.0,0.0
2024-04-01,Guguk Malintang,288.5562227483342,1.0,1.0
2024-05-01,Guguk Malintang,289.58681413707035,1.0,1.0
2024-06-01,Guguk Malintang,291.13139045123717,1.0,1.0
2024-07-01,Guguk Malintang,291.2959103991509,1.0,1.0
2024-08-01,Guguk Malintang,291.4228162919399,1.0,1.0
2024-09-01,Guguk Malintang,290.61465182302203,1.0,1.0
2024-10-01,Guguk Malintang,290.18894741119044,1.0,1.0
2024-11-01,Guguk Malintang,289.52893409135754,1.0,1.0
2024-12-01,Guguk Malintang,290.5266564324462,0.0,1.0
2025-01-01,Guguk Malintang,290.38664490957433,1.0,1.0
2025-02-01,Guguk Malintang,291.993387615979,1.0,1.0
2025-03-01,Guguk Malintang,293.01362671008377,1.0,1.0
2025-04-01,Guguk Malintang,294.9208020225523,1.0,1.0
2025-05-01,Guguk Malintang,296.2045705658499,1.0,1.0
2025-06-01,Guguk Malintang,297.841305092313,1.0,1.0
2025-07-01,Guguk Malintang,298.22676279257564,1.0,1.0
2025-08-01,Guguk Malintang,296.57022476838506,1.0,1.0
2025-09-01,Guguk Malintang,295.9176840130036,1.0,1.0
2019-01-01,Kampung Jambak,276.6868569452401,1.0,1.0
2019-02-01,Kampung Jambak,278.7872269855762,1.0,1.0
2019-03-01,Kampung Jambak,280.40465501216056,1.0,1.0
2019-04-01,Kampung Jambak,280.97801477470506,1.0,0.0
2019-05-01,Kampung Jambak,281.0224645215268,1.0,0.0
2019-06-01,Kampung Jambak,281.38205747143564,1.0,1.0
2019-07-01,Kampung Jambak,280.4409085621227,0.0,1.0
2019-08-01,Kampung Jambak,279.57738935062565,1.0,1.0
2019-09-01,Kampung Jambak,279.2901394763268,1.0,1.0
2019-10-01,Kampung Jambak,279.70364891328137,1.0,1.0
2019-11-01,Kampung Jambak,280.0440982823331,1.0,1.0
2019-12-01,Kampung Jambak,278.7733844706353,1.0,1.0
2020-01-01,Kampung Jambak,279.73858201433137,1.0,1.0
2020-02-01,Kampung Jambak,280.8517989207101,1.0,1.0
2020-03-01,Kampung Jambak,282.3235184813449,1.0,1.0
2020-04-01,Kampung Jambak,284.5410553977698,1.0,1.0
2020-05-01,Kampung Jambak,283.837474071524,1.0,1.0
2020-06-01,Kampung Jambak,283.75743369494637,1.0,1.0
2020-07-01,Kampung Jambak,284.09015477057244,1.0,1.0
2020-08-01,Kampung Jambak,282.56967899764476,1.0,1.0
2020-09-01,Kampung Jambak,283.10010479280123,1.0,1.0
2020-10-01,Kampung Jambak,282.9630690440633,1.0,0.0
2020-11-01,Kampung Jambak,283.47567199302443,1.0,0.0
2020-12-01,Kampung Jambak,283.4100377579169,1.0,1.0
2021-01-01,Kampung Jambak,284.7531835676006,1.0,1.0
2021-02-01,Kampung Jambak,286.598397863472,1.0,1.0
2021-03-01,Kampung Jambak,287.9699913247741,1.0,1.0
2021-04-01,Kampung Jambak,289.2333013729385,1.0,1.0
2021-05-01,Kampung Jambak,290.21004607988397,1.0,1.0
2021-06-01,Kampung Jambak,289.9304538512356,1.0,1.0
2021-07-01,Kampung Jambak,289.73533899308217,1.0,1.0
2021-08-01,Kampung Jambak,289.21832828127066,1.0,1.0
2021-09-01,Kampung Jambak,288.9726938589439,1.0,1.0
2021-10-01,Kampung Jambak,289.2883673825012,1.0,0.0
2021-11-01,Kampung Jambak,288.4350254860573,1.0,1.0
2021-12-01,Kampung Jambak,288.69018598586973,1.0,1.0
2022-01-01,Kampung Jambak,290.5415466385138,1.0,1.0
2022-02-01,Kampung Jambak,291.10307330854647,1.0,1.0
2022-03-01,Kampung Jambak,291.7251216145249,1.0,1.0
2022-04-01,Kampung Jambak,292.98140923948813,1.0,1.0
2022-05-01,Kampung Jambak,294.39240536421283,1.0,1.0
2022-06-01,Kampung Jambak,294.7533698684699,1.0,1.0
2022-07-01,Kampung Jambak,295.6426787598528,1.0,1.0
2022-08-01,Kampung Jambak,295.8600723296217,1.0,1.0
2022-09-01,Kampung Jambak,295.94725967873023,1.0,1.0
2022-10-01,Kampung Jambak,295.94125012278084,1.0,1.0
2022-11-01,Kampung Jambak,297.57280396192067,1.0,1.0
2022-12-01,Kampung Jambak,297.77634855002384,1.0,1.0
2023-01-01,Kampung Jambak,297.0846154883452,1.0,1.0
2023-02-01,Kampung Jambak,299.4091817601388,1.0,1.0
2023-03-01,Kampung Jambak,300.32299997047943,1.0,1.0
2023-04-01,Kampung Jambak,301.54514870235704,1.0,1.0
2023-05-01,Kampung Jambak,303.3490053003389,1.0,1.0
2023-06-01,Kampung Jambak,302.4957114811895,1.0,1.0
2023-07-01,Kampung Jambak,301.4574168141439,1.0,1.0
2023-08-01,Kampung Jambak,299.82917636152365,1.0,1.0
2023-09-01,Kampung Jambak,298.6934794652009,1.0,1.0
2023-10-01,Kampung Jambak,298.60204814106555,1.0,1.0
2023-11-01,Kampung Jambak,298.90238480423733,1.0,1.0
2023-12-01,Kampung Jambak,299.4670254898977,1.0,1.0
2024-01-01,Kampung Jambak,299.2148390149553,1.0,1.0
2024-02-01,Kampung Jambak,298.6168655928552,1.0,1.0
2024-03-01,Kampung Jambak,299.9121407259268,1.0,1.0
2024-04-01,Kampung Jambak,300.69635146789443,1.0,1.0
2024-05-01,Kampung Jambak,301.85430165156725,1.0,1.0
2024-06-01,Kampung Jambak,302.74613626516464,1.0,1.0
2024-07-01,Kampung Jambak,302.75862050605076,1.0,1.0
2024-08-01,Kampung Jambak,302.90818700325303,0.0,1.0
2024-09-01,Kampung Jambak,302.53437874754894,1.0,1.0
2024-10-01,Kampung Jambak,302.51006972891975,1.0,1.0
2024-11-01,Kampung Jambak,301.8852627367691,1.0,1.0
2024-12-01,Kampung Jambak,302.11106333703657,1.0,1.0
2025-01-01,Kampung Jambak,303.07558281366795,1.0,1.0
2025-02-01,Kampung Jambak,304.85094975978416,1.0,1.0
2025-03-01,Kampung Jambak,305.83032575574777,1.0,0.0
2025-04-01,Kampung Jambak,307.39207571685256,1.0,1.0
2025-05-01,Kampung Jambak,308.0169853310255,1.0,1.0
2025-06-01,Kampung Jambak,308.2952254580678,1.0,1.0
2025-07-01,Kampung Jambak,308.8405703825991,1.0,1.0
2025-08-01,Kampung Jambak,306.87038065218576,1.0,1.0
2025-09-01,Kampung Jambak,305.3233288805333,1.0,1.0
2019-01-01,Kampung Manggis,271.6308728441702,1.0,1.0
2019-02-01,Kampung Manggis,271.9901043268604,1.0,1.0
2019-03-01,Kampung Manggis,273.43311601097605,1.0,1.0
2019-04-01,Kampung Manggis,274.06445199743206,1.0,1.0
2019-05-01,Kampung Manggis,274.7277349245121,1.0,1.0
2019-06-01,Kampung Manggis,275.59266212694234,1.0,1.0
2019-07-01,Kampung Manggis,276.2097455581784,1.0,0.0
2019-08-01,Kampung Manggis,275.5613324779941,1.0,1.0
2019-09-01,Kampung Manggis,275.7812523513661,1.0,1.0
2019-10-01,Kampung Manggis,275.24478772045114,1.0,1.0
2019-11-01,Kampung Manggis,274.3728755945628,1.0,1.0
2019-12-01,Kampung Manggis,274.0813481340359,1.0,1.0
2020-01-01,Kampung Manggis,273.59246346709506,1.0,1.0
2020-02-01,Kampung Manggis,273.8103084433673,1.0,1.0
2020-03-01,Kampung Manggis,274.5023018327046,1.0,0.0
2020-04-01,Kampung Manggis,275.88533295923077,1.0,1.0
2020-05-01,Kampung Manggis,277.6054639571159,1.0,1.0
2020-06-01,Kampung Manggis,276.76353903614825,1.0,1.0
2020-07-01,Kampung Manggis,276.7371035516603,1.0,1.0
2020-08-01,Kampung Manggis,275.4168540459623,1.0,1.0
2020-09-01,Kampung Manggis,275.0330662183467,1.0,1.0
2020-10-01,Kampung Manggis,274.34491322206156,1.0,1.0
2020-11-01,Kampung Manggis,272.79517585553134,1.0,1.0
2020-12-01,Kampung Manggis,273.5442263811965,1.0,1.0
2021-01-01,Kampung Manggis,273.6561966270926,1.0,1.0
2021-02-01,Kampung Manggis,274.1171705899406,1.0,1.0
2021-03-01,Kampung Manggis,274.32052132639825,1.0,1.0
2021-04-01,Kampung Manggis,274.69980590084805,1.0,1.0
2021-05-01,Kampung Manggis,275.52295195356993,1.0,1.0
2021-06-01,Kampung Manggis,275.5093953189164,1.0,1.0
2021-07-01,Kampung Manggis,275.4389317316774,1.0,1.0
2021-08-01,Kampung Manggis,275.0885091674338,1.0,1.0
2021-09-01,Kampung Manggis,275.28546734797436,1.0,1.0
2021-10-01,Kampung Manggis,274.4513052315503,1.0,1.0
2021-11-01,Kampung Manggis,273.1436277036953,1.0,1.0
2021-12-01,Kampung Manggis,273.9885417406912,1.0,1.0
2022-01-01,Kampung Manggis,274.2884027117679,1.0,1.0
2022-02-01,Kampung Manggis,275.88426522937107,1.0,1.0
2022-03-01,Kampung Manggis,277.0945988426658,1.0,1.0
2022-04-01,Kampung Manggis,277.84121674527574,1.0,1.0
2022-05-01,Kampung Manggis,278.6187171524141,1.0,1.0
2022-06-01,Kampung Manggis,280.09642953221413,1.0,1.0
2022-07-01,Kampung Manggis,281.2477192859168,1.0,1.0
2022-08-01,Kampung Manggis,280.6846629565184,1.0,1.0
2022-09-01,Kampung Manggis,280.07341043128594,1.0,1.0
2022-10-01,Kampung Manggis,280.2161577680167,1.0,1.0
2022-11-01,Kampung Manggis,279.32271528620623,1.0,1.0
2022-12-01,Kampung Manggis,279.6738622882664,1.0,1.0
2023-01-01,Kampung Manggis,280.1940452711564,1.0,1.0
2023-02-01,Kampung Manggis,281.26170490115106,1.0,1.0
2023-03-01,Kampung Manggis,281.63713921624174,1.0,1.0
2023-04-01,Kampung Manggis,281.36602214396703,1.0,1.0
2023-05-01,Kampung Manggis,280.4466054548582,1.0,1.0
2023-06-01,Kampung Manggis,279.781796457435,1.0,1.0
2023-07-01,Kampung Manggis,279.16012642112395,1.0,1.0
2023-08-01,Kampung Manggis,278.3487602024518,1.0,1.0
2023-09-01,Kampung Manggis,278.97600031475196,1.0,1.0
2023-10-01,Kampung Manggis,279.13889427083024,1.0,1.0
2023-11-01,Kampung Manggis,278.167723597259,1.0,1.0
2023-12-01,Kampung Manggis,278.52760253681,1.0,0.0
2024-01-01,Kampung Manggis,278.77969508011796,1.0,1.0
2024-02-01,Kampung Manggis,279.4237395743954,1.0,1.0
2024-03-01,Kampung Manggis,280.5107766326974,1.0,1.0
2024-04-01,Kampung Manggis,281.7943641884427,1.0,1.0
2024-05-01,Kampung Manggis,282.0972834656182,1.0,0.0
2024-06-01,Kampung Manggis,282.9675155072344,0.0,1.0
2024-07-01,Kampung Manggis,281.8559341622228,1.0,1.0
2024-08-01,Kampung Manggis,281.24733485518874,1.0,1.0
2024-09-01,Kampung Manggis,282.3442792311566,1.0,1.0
2024-10-01,Kampung Manggis,281.88728142847447,1.0,1.0
2024-11-01,Kampung Manggis,282.5927469383101,1.0,1.0
2024-12-01,Kampung Manggis,282.77728161225866,1.0,1.0
2025-01-01,Kampung Manggis,283.73292227072005,1.0,1.0
2025-02-01,Kampung Manggis,284.5503281989525,1.0,1.0
2025-03-01,Kampung Manggis,285.4033822854759,1.0,1.0
2025-04-01,Kampung Manggis,285.7083896851067,1.0,1.0
2025-05-01,Kampung Manggis,286.56624864655794,1.0,1.0
2025-06-01,Kampung Manggis,286.07747047327643,1.0,1.0
2025-07-01,Kampung Manggis,286.2450099822094,1.0,1.0
2025-08-01,Kampung Manggis,286.3973628047692,1.0,1.0
2025-09-01,Kampung Manggis,285.92102753601694,1.0,1.0
2019-01-01,Koto Katiak,395.4248986317192,1.0,1.0
2019-02-01,Koto Katiak,396.3322775878427,1.0,1.0
2019-03-01,Koto Katiak,398.63807632659154,1.0,1.0
2019-04-01,Koto Katiak,398.0306231595212,1.0,1.0
2019-05-01,Koto Katiak,398.4801912449285,1.0,1.0
2019-06-01,Koto Katiak,396.68307823548736,1.0,1.0
2019-07-01,Koto Katiak,394.79286219184803,1.0,1.0
2019-08-01,Koto Katiak,395.29525428710605,1.0,1.0
2019-09-01,Koto Katiak,395.17679855730114,1.0,1.0
2019-10-01,Koto Katiak,393.625841415006,1.0,1.0
2019-11-01,Koto Katiak,391.7428767963406,1.0,1.0
2019-12-01,Koto Katiak,389.022084256327,1.0,1.0
2020-01-01,Koto Katiak,389.2588963425085,1.0,1.0
2020-02-01,Koto Katiak,392.8160807212046,1.0,1.0
2020-03-01,Koto Katiak,394.60804521069457,1.0,1.0
2020-04-01,Koto Katiak,395.26527303452923,1.0,1.0
2020-05-01,Koto Katiak,396.5044864984382,1.0,1.0
2020-06-01,Koto Katiak,395.1425810302772,1.0,1.0
2020-07-01,Koto Katiak,394.4416780495482,1.0,1.0
2020-08-01,Koto Katiak,393.6994636599163,1.0,1.0
2020-09-01,Koto Katiak,392.61810250222686,1.0,1.0
2020-10-01,Koto Katiak,392.55644460883343,1.0,1.0
2020-11-01,Koto Katiak,392.48950146375546,1.0,1.0
2020-12-01,Koto Katiak,393.3298402463134,1.0,1.0
2021-01-01,Koto Katiak,393.42653305647065,1.0,1.0
2021-02-01,Koto Katiak,395.51962937037723,1.0,1.0
2021-03-01,Koto Katiak,398.50870316347334,1.0,1.0
2021-04-01,Koto Katiak,398.7621258520528,1.0,1.0
2021-05-01,Koto Katiak,398.6610560758407,1.0,1.0
2021-06-01,Koto Katiak,400.1801448352501,2.0,1.0
2021-07-01,Koto Katiak,399.5762239997242,1.0,1.0
2021-08-01,Koto Katiak,400.12453495429344,1.0,1.0
2021-09-01,Koto Katiak,398.6698829966766,1.0,1.0
2021-10-01,Koto Katiak,399.26789535375576,1.0,1.0
2021-11-01,Koto Katiak,398.98725784412306,1.0,1.0
2021-12-01,Koto Katiak,399.43225771363734,1.0,1.0
2022-01-01,Koto Katiak,401.7847756879028,1.0,1.0
2022-02-01,Koto Katiak,402.65325060393786,1.0,1.0
2022-03-01,Koto Katiak,403.10014950603875,1.0,1.0
2022-04-01,Koto Katiak,403.88373283214645,1.0,1.0
2022-05-01,Koto Katiak,405.1370710343071,2.0,1.0
2022-06-01,Koto Katiak,403.7406498861409,1.0,1.0
2022-07-01,Koto Katiak,403.9670587545357,1.0,1.0
2022-08-01,Koto Katiak,402.56371475097825,1.0,1.0
2022-09-01,Koto Katiak,402.6966840249441,1.0,1.0
2022-10-01,Koto Katiak,399.433733580198,1.0,1.0
2022-11-01,Koto Katiak,398.2371729744516,1.0,1.0
2022-12-01,Koto Katiak,396.7443007815772,1.0,2.0
2023-01-01,Koto Katiak,396.70482845383265,1.0,1.0
2023-02-01,Koto Katiak,398.16859353022176,1.0,1.0
2023-03-01,Koto Katiak,399.3715544198035,1.0,1.0
2023-04-01,Koto Katiak,400.34336777362205,1.0,1.0
2023-05-01,Koto Katiak,400.9724698793137,1.0,1.0
2023-06-01,Koto Katiak,401.3646841853331,1.0,1.0
2023-07-01,Koto Katiak,399.93984126615925,1.0,1.0
2023-08-01,Koto Katiak,399.79326847913256,1.0,1.0
2023-09-01,Koto Katiak,399.44165444220323,1.0,1.0
2023-10-01,Koto Katiak,398.97458618941585,1.0,1.0
2023-11-01,Koto Katiak,399.1176756335364,1.0,1.0
2023-12-01,Koto Katiak,399.6009437887614,1.0,1.0
2024-01-01,Koto Katiak,402.42526704846745,1.0,1.0
2024-02-01,Koto Katiak,403.5723161508065,1.0,1.0
2024-03-01,Koto Katiak,404.66215676782025,1.0,2.0
2024-04-01,Koto Katiak,405.1393118657014,1.0,1.0
2024-05-01,Koto Katiak,404.8899128046635,2.0,1.0
2024-06-01,Koto Katiak,403.81971118147703,1.0,1.0
2024-07-01,Koto Katiak,402.50691041362586,1.0,1.0
2024-08-01,Koto Katiak,401.5786602101789,1.0,1.0
2024-09-01,Koto Katiak,400.89664383603235,1.0,1.0
2024-10-01,Koto Katiak,400.09394265814814,1.0,1.0
2024-11-01,Koto Katiak,398.916418046043,1.0,1.0
2024-12-01,Koto Katiak,400.0018561665274,1.0,1.0
2025-01-01,Koto Katiak,401.5307937147318,1.0,1.0
2025-02-01,Koto Katiak,402.6022379612784,1.0,1.0
2025-03-01,Koto Katiak,403.3401679768818,1.0,1.0
2025-04-01,Koto Katiak,405.1326203669923,1.0,1.0
2025-05-01,Koto Katiak,406.12155410620585,1.0,1.0
2025-06-01,Koto Katiak,404.8412277583955,1.0,1.0
2025-07-01,Koto Katiak,404.355000829245,1.0,1.0
2025-08-01,Koto Katiak,403.7581109032241,2.0,1.0
2025-09-01,Koto Katiak,401.8299632601422,2.0,1.0
2019-01-01,Koto Katik,329.872242016475,1.0,1.0
2019-02-01,Koto Katik,332.1158824004721,1.0,1.0
2019-03-01,Koto Katik,334.43528419448415,1.0,1.0
2019-04-01,Koto Katik,335.3770820657545,1.0,1.0
2019-05-01,Koto Katik,336.4708533568087,1.0,1.0
2019-06-01,Koto Katik,334.727715889874,1.0,1.0
2019-07-01,Koto Katik,333.54244979369616,1.0,1.0
2019-08-01,Koto Katik,332.71387312082317,1.0,1.0
2019-09-01,Koto Katik,331.107584943348,1.0,1.0
2019-10-01,Koto Katik,331.1181319178933,1.0,1.0
2019-11-01,Koto Katik,332.55451714366376,1.0,1.0
2019-12-01,Koto Katik,331.85789438589387,1.0,1.0
2020-01-01,Koto Katik,331.9415114724169,1.0,1.0
2020-02-01,Koto Katik,333.2826237157269,1.0,1.0
2020-03-01,Koto Katik,335.9139316566109,1.0,1.0
2020-04-01,Koto Katik,336.0426127834832,1.0,1.0
2020-05-01,Koto Katik,337.0422051488425,1.0,1.0
2020-06-01,Koto Katik,338.8643855633077,1.0,1.0
2020-07-01,Koto Katik,337.24505194548703,1.0,1.0
2020-08-01,Koto Katik,335.57633799910417,1.0,1.0
2020-09-01,Koto Katik,334.49913406383934,1.0,1.0
2020-10-01,Koto Katik,333.47884398810953,1.0,1.0
2020-11-01,Koto Katik,333.9384369121775,1.0,1.0
2020-12-01,Koto Katik,334.4239616176722,1.0,1.0
2021-01-01,Koto Katik,333.7225778612559,1.0,1.0
2021-02-01,Koto Katik,335.3052658370602,1.0,1.0
2021-03-01,Koto Katik,336.110807078838,1.0,1.0
2021-04-01,Koto Katik,338.3448226143666,1.0,1.0
2021-05-01,Koto Katik,338.6080175059576,1.0,1.0
2021-06-01,Koto Katik,338.35622266832087,1.0,1.0
2021-07-01,Koto Katik,338.5930535695832,1.0,1.0
2021-08-01,Koto Katik,338.64484685420643,1.0,1.0
2021-09-01,Koto Katik,338.29420069660404,1.0,1.0
2021-10-01,Koto Katik,336.2787707608266,1.0,1.0
2021-11-01,Koto Katik,336.511545474694,0.0,1.0
2021-12-01,Koto Katik,335.92645494834204,1.0,1.0
2022-01-01,Koto Katik,336.9141187489211,0.0,1.0
2022-02-01,Koto Katik,336.87299530052195,1.0,1.0
2022-03-01,Koto Katik,338.5479020468387,1.0,1.0
2022-04-01,Koto Katik,339.03070581690525,1.0,1.0
2022-05-01,Koto Katik,338.73792650681315,1.0,1.0
2022-06-01,Koto Katik,339.63061553709605,1.0,1.0
2022-07-01,Koto Katik,339.61421677860574,1.0,1.0
2022-08-01,Koto Katik,338.499173441726,1.0,1.0
2022-09-01,Koto Katik,338.9957042452461,1.0,1.0
2022-10-01,Koto Katik,338.0293249923098,1.0,1.0
2022-11-01,Koto Katik,337.83604500523035,1.0,1.0
2022-12-01,Koto Katik,338.35027435648755,1.0,1.0
2023-01-01,Koto Katik,338.6201899300014,1.0,1.0
2023-02-01,Koto Katik,340.1884953993205,1.0,1.0
2023-03-01,Koto Katik,341.0434069240482,1.0,1.0
2023-04-01,Koto Katik,341.8676779208679,1.0,1.0
2023-05-01,Koto Katik,343.8385998789131,1.0,1.0
2023-06-01,Koto Katik,343.23536871806004,1.0,1.0
2023-07-01,Koto Katik,340.94254975899224,1.0,1.0
2023-08-01,Koto Katik,341.71624396030535,1.0,1.0
2023-09-01,Koto Katik,343.1536121519442,1.0,1.0
2023-10-01,Koto Katik,342.20568139272274,1.0,1.0
2023-11-01,Koto Katik,340.3266506754994,1.0,1.0
2023-12-01,Koto Katik,340.351291424962,1.0,1.0
2024-01-01,Koto Katik,340.90718956130877,1.0,1.0
2024-02-01,Koto Katik,341.92074331323346,1.0,1.0
2024-03-01,Koto Katik,342.28236849497455,1.0,1.0
2024-04-01,Koto Katik,343.9607350278957,1.0,1.0
2024-05-01,Koto Katik,345.22131566980005,1.0,1.0
2024-06-01,Koto Katik,344.2236555642923,1.0,1.0
2024-07-01,Koto Katik,344.6005290447802,1.0,1.0
2024-08-01,Koto Katik,345.7624243255014,1.0,1.0
2024-09-01,Koto Katik,345.16622607532264,1.0,1.0
2024-10-01,Koto Katik,344.2712630151014,1.0,1.0
2024-11-01,Koto Katik,343.9246582495835,1.0,1.0
2024-12-01,Koto Katik,344.74619816734247,1.0,1.0
2025-01-01,Koto Katik,344.0614278361136,1.0,1.0
2025-02-01,Koto Katik,345.39017570093966,1.0,1.0
2025-03-01,Koto Katik,346.38210186306617,1.0,1.0
2025-04-01,Koto Katik,349.1826195286325,1.0,1.0
2025-05-01,Koto Katik,349.85098682322075,1.0,1.0
2025-06-01,Koto Katik,351.60812482410984,1.0,1.0
2025-07-01,Koto Katik,350.4092978775678,1.0,1.0
2025-08-01,Koto Katik,350.3092794567707,1.0,1.0
2025-09-01,Koto Katik,349.8340869638304,1.0,1.0
2019-01-01,Koto Panjang,247.2413528887077,1.0,1.0
2019-02-01,Koto Panjang,248.79805757878137,1.0,1.0
2019-03-01,Koto Panjang,249.50585790740516,1.0,1.0
2019-04-01,Koto Panjang,249.25921036506773,1.0,1.0
2019-05-01,Koto Panjang,249.7857290319493,1.0,1.0
2019-06-01,Koto Panjang,249.38552641167925,1.0,0.0
2019-07-01,Koto Panjang,248.96138171387173,1.0,1.0
2019-08-01,Koto Panjang,248.42661288388274,1.0,1.0
2019-09-01,Koto Panjang,246.78681395760947,1.0,1.0
2019-10-01,Koto Panjang,245.31208546964245,1.0,1.0
2019-11-01,Koto Panjang,245.40003414457908,1.0,0.0
2019-12-01,Koto Panjang,245.23995955759563,1.0,1.0
2020-01-01,Koto Panjang,244.19294399631772,1.0,1.0
2020-02-01,Koto Panjang,245.4685172054587,1.0,1.0
2020-03-01,Koto Panjang,246.53403058855295,1.0,1.0
2020-04-01,Koto Panjang,246.89511295340182,1.0,1.0
2020-05-01,Koto Panjang,246.61295164987158,0.0,1.0
2020-06-01,Koto Panjang,247.29021041558997,1.0,1.0
2020-07-01,Koto Panjang,247.29688911511133,1.0,0.0
2020-08-01,Koto Panjang,248.28619968110007,1.0,0.0
2020-09-01,Koto Panjang,247.96377347223736,1.0,1.0
2020-10-01,Koto Panjang,247.72149969837005,1.0,0.0
2020-11-01,Koto Panjang,247.40872717880092,1.0,1.0
2020-12-01,Koto Panjang,248.07639189656499,1.0,1.0
2021-01-01,Koto Panjang,248.99983600474252,1.0,1.0
2021-02-01,Koto Panjang,250.59209789466274,1.0,1.0
2021-03-01,Koto Panjang,251.18080005610605,1.0,1.0
2021-04-01,Koto Panjang,251.7241215778772,1.0,1.0
2021-05-01,Koto Panjang,251.96476855351705,1.0,1.0
2021-06-01,Koto Panjang,252.6283561964093,1.0,1.0
2021-07-01,Koto Panjang,253.36025539629483,1.0,0.0
2021-08-01,Koto Panjang,252.57755029835164,1.0,1.0
2021-09-01,Koto Panjang,251.71725705193086,1.0,1.0
2021-10-01,Koto Panjang,251.42507373007035,1.0,0.0
2021-11-01,Koto Panjang,251.05811514981784,1.0,1.0
2021-12-01,Koto Panjang,251.82059032554935,1.0,1.0
2022-01-01,Koto Panjang,250.9429334685084,1.0,1.0
2022-02-01,Koto Panjang,251.23945798490496,1.0,1.0
2022-03-01,Koto Panjang,251.66508876071217,1.0,1.0
2022-04-01,Koto Panjang,251.01965809041297,1.0,1.0
2022-05-01,Koto Panjang,250.9549062295546,1.0,1.0
2022-06-01,Koto Panjang,250.54483660208322,1.0,1.0
2022-07-01,Koto Panjang,250.20711044253434,1.0,1.0
2022-08-01,Koto Panjang,250.41542743438603,1.0,1.0
2022-09-01,Koto Panjang,249.6747418052692,1.0,1.0
2022-10-01,Koto Panjang,248.5470983797289,1.0,1.0
2022-11-01,Koto Panjang,248.30155959294774,1.0,1.0
2022-12-01,Koto Panjang,249.115990089834,1.0,1.0
2023-01-01,Koto Panjang,249.04403974071286,1.0,1.0
2023-02-01,Koto Panjang,249.28593226131187,1.0,1.0
2023-03-01,Koto Panjang,250.54701943635823,1.0,1.0
2023-04-01,Koto Panjang,251.22336818851696,1.0,1.0
2023-05-01,Koto Panjang,252.17262518262936,1.0,1.0
2023-06-01,Koto Panjang,252.32927815242255,1.0,1.0
2023-07-01,Koto Panjang,252.55815223426387,1.0,1.0
2023-08-01,Koto Panjang,251.41479874728535,1.0,1.0
2023-09-01,Koto Panjang,250.817247561802,1.0,1.0
2023-10-01,Koto Panjang,250.19769706594477,1.0,1.0
2023-11-01,Koto Panjang,249.22623262784958,1.0,1.0
2023-12-01,Koto Panjang,248.41477597015094,1.0,1.0
2024-01-01,Koto Panjang,249.3772354060804,1.0,1.0
2024-02-01,Koto Panjang,249.96948002705898,1.0,1.0
2024-03-01,Koto Panjang,250.2425144172606,1.0,1.0
2024-04-01,Koto Panjang,250.9967206819455,1.0,1.0
2024-05-01,Koto Panjang,252.2473027324581,1.0,0.0
2024-06-01,Koto Panjang,250.97339614739963,1.0,1.0
2024-07-01,Koto Panjang,249.8229182424339,1.0,1.0
2024-08-01,Koto Panjang,248.7618812870705,0.0,1.0
2024-09-01,Koto Panjang,249.08471490845687,1.0,1.0
2024-10-01,Koto Panjang,248.77601612090066,1.0,1.0
2024-11-01,Koto Panjang,249.0424653017692,1.0,1.0
2024-12-01,Koto Panjang,248.49533948851075,1.0,1.0
2025-01-01,Koto Panjang,248.33418048662526,1.0,1.0
2025-02-01,Koto Panjang,249.4214645008812,1.0,1.0
2025-03-01,Koto Panjang,250.37014833650983,1.0,1.0
2025-04-01,Koto Panjang,251.5297236628554,1.0,1.0
2025-05-01,Koto Panjang,251.95383960360755,1.0,0.0
2025-06-01,Koto Panjang,252.29427146458877,1.0,1.0
2025-07-01,Koto Panjang,252.18057075482227,1.0,1.0
2025-08-01,Koto Panjang,252.17961534107926,1.0,1.0
2025-09-01,Koto Panjang,252.0954309436396,1.0,1.0
2019-01-01,Ngalau,278.82470414658786,1.0,1.0
2019-02-01,Ngalau,280.32937398576445,1.0,1.0
2019-03-01,Ngalau,282.08591660267115,1.0,0.0
2019-04-01,Ngalau,282.17786692971634,1.0,1.0
2019-05-01,Ngalau,281.3676210823035,1.0,1.0
2019-06-01,Ngalau,281.51779334728207,1.0,1.0
2019-07-01,Ngalau,281.8302514303426,1.0,1.0
2019-08-01,Ngalau,282.44205928752046,1.0,0.0
2019-09-01,Ngalau,282.03885810283987,1.0,1.0
2019-10-01,Ngalau,281.12508119571953,1.0,1.0
2019-11-01,Ngalau,280.15675163326256,1.0,1.0
2019-12-01,Ngalau,280.2449172891225,1.0,1.0
2020-01-01,Ngalau,280.5355300062376,1.0,1.0
2020-02-01,Ngalau,280.630882216997,1.0,1.0
2020-03-01,Ngalau,282.9953790581133,1.0,1.0
2020-04-01,Ngalau,285.0784175386325,1.0,1.0
2020-05-01,Ngalau,286.3988122265403,1.0,1.0
2020-06-01,Ngalau,285.82122606943744,1.0,1.0
2020-07-01,Ngalau,286.0843497164715,1.0,0.0
2020-08-01,Ngalau,285.8791165494892,1.0,1.0
2020-09-01,Ngalau,285.4184415247187,1.0,1.0
2020-10-01,Ngalau,285.64797020057836,1.0,1.0
2020-11-01,Ngalau,285.7542696866349,1.0,1.0
2020-12-01,Ngalau,286.364820707882,1.0,1.0
2021-01-01,Ngalau,287.33319316649755,1.0,0.0
2021-02-01,Ngalau,288.40762408157457,1.0,1.0
2021-03-01,Ngalau,288.0653530557899,1.0,1.0
2021-04-01,Ngalau,288.9567828022176,1.0,1.0
2021-05-01,Ngalau,289.07049592495736,1.0,1.0
2021-06-01,Ngalau,288.2280135676109,1.0,1.0
2021-07-01,Ngalau,289.0883947535032,1.0,1.0
2021-08-01,Ngalau,289.6664954587116,1.0,1.0
2021-09-01,Ngalau,289.86174024836504,1.0,1.0
2021-10-01,Ngalau,289.37587493940435,1.0,1.0
2021-11-01,Ngalau,290.00037645752064,1.0,1.0
2021-12-01,Ngalau,290.0920764084431,1.0,1.0
2022-01-01,Ngalau,290.7576615726223,1.0,1.0
2022-02-01,Ngalau,290.7993327870792,0.0,1.0
2022-03-01,Ngalau,292.04472844646995,1.0,1.0
2022-04-01,Ngalau,292.93145933220774,1.0,1.0
2022-05-01,Ngalau,292.49910585603396,1.0,1.0
2022-06-01,Ngalau,292.54533105507033,1.0,1.0
2022-07-01,Ngalau,292.1318339657698,1.0,1.0
2022-08-01,Ngalau,292.7659805867785,1.0,1.0
2022-09-01,Ngalau,292.6238927255487,1.0,1.0
2022-10-01,Ngalau,291.9554791046028,1.0,1.0
2022-11-01,Ngalau,291.78230531121386,1.0,1.0
2022-12-01,Ngalau,291.898034141967,1.0,1.0
2023-01-01,Ngalau,292.2711681635006,1.0,1.0
2023-02-01,Ngalau,292.32114930647873,1.0,1.0
2023-03-01,Ngalau,293.1712344110797,1.0,1.0
2023-04-01,Ngalau,293.4685855388981,1.0,1.0
2023-05-01,Ngalau,293.0739057401947,1.0,1.0
2023-06-01,Ngalau,293.53241543681486,1.0,1.0
2023-07-01,Ngalau,293.4627336162811,1.0,0.0
2023-08-01,Ngalau,291.4762277570132,1.0,1.0
2023-09-01,Ngalau,290.5957735652391,1.0,1.0
2023-10-01,Ngalau,290.6453903956194,1.0,1.0
2023-11-01,Ngalau,291.06115260632976,1.0,1.0
2023-12-01,Ngalau,291.89108160945136,1.0,1.0
2024-01-01,Ngalau,292.4409900039098,1.0,1.0
2024-02-01,Ngalau,292.6650513332998,1.0,0.0
2024-03-01,Ngalau,292.8315106642492,1.0,1.0
2024-04-01,Ngalau,293.9293013849547,1.0,1.0
2024-05-01,Ngalau,294.7336059634317,1.0,1.0
2024-06-01,Ngalau,295.7667395553808,1.0,1.0
2024-07-01,Ngalau,296.21992676199085,1.0,1.0
2024-08-01,Ngalau,295.43714730084395,1.0,1.0
2024-09-01,Ngalau,293.7186296709346,1.0,1.0
2024-10-01,Ngalau,292.8055535754919,1.0,1.0
2024-11-01,Ngalau,292.6088040961936,1.0,1.0
2024-12-01,Ngalau,292.544638528848,1.0,1.0
2025-01-01,Ngalau,292.64386310600986,1.0,1.0
2025-02-01,Ngalau,293.6736534694468,1.0,0.0
2025-03-01,Ngalau,294.2677222058221,1.0,0.0
2025-04-01,Ngalau,294.65326860344084,1.0,1.0
2025-05-01,Ngalau,295.409501211586,1.0,1.0
2025-06-01,Ngalau,295.1970414591535,1.0,1.0
2025-07-01,Ngalau,295.0184931644673,1.0,1.0
2025-08-01,Ngalau,294.5372223389536,1.0,1.0
2025-09-01,Ngalau,292.9008817252824,1.0,1.0
2019-01-01,Pasar Baru,220.7992211152976,1.0,1.0
2019-02-01,Pasar Baru,220.809043207827,1.0,1.0
2019-03-01,Pasar Baru,220.37867043483521,1.0,1.0
2019-04-01,Pasar Baru,220.00179975058268,1.0,1.0
2019-05-01,Pasar Baru,220.42700095497872,1.0,1.0
2019-06-01,Pasar Baru,220.52323691150417,1.0,0.0
2019-07-01,Pasar Baru,220.20679430204797,1.0,1.0
2019-08-01,Pasar Baru,220.380522950567,1.0,1.0
2019-09-01,Pasar Baru,218.3296081934397,1.0,1.0
2019-10-01,Pasar Baru,218.05623243285243,1.0,1.0
2019-11-01,Pasar Baru,218.65760303570445,1.0,1.0
2019-12-01,Pasar Baru,218.11944359260787,1.0,1.0
2020-01-01,Pasar Baru,218.31761045680634,1.0,0.0
2020-02-01,Pasar Baru,218.5513149803377,1.0,1.0
2020-03-01,Pasar Baru,218.79542963716997,1.0,1.0
2020-04-01,Pasar Baru,219.26369769228933,1.0,1.0
2020-05-01,Pasar Baru,220.45543032432755,1.0,0.0
2020-06-01,Pasar Baru,221.54765135617703,1.0,1.0
2020-07-01,Pasar Baru,221.108951415066,1.0,0.0
2020-08-01,Pasar Baru,221.66443052804436,1.0,1.0
2020-09-01,Pasar Baru,221.0984982379397,1.0,1.0
2020-10-01,Pasar Baru,221.57046973639387,1.0,1.0
2020-11-01,Pasar Baru,221.26597618438768,1.0,1.0
2020-12-01,Pasar Baru,221.41799256973675,1.0,1.0
2021-01-01,Pasar Baru,222.032470052111,1.0,1.0
2021-02-01,Pasar Baru,224.4590454796999,1.0,1.0
2021-03-01,Pasar Baru,225.69260754652106,1.0,1.0
2021-04-01,Pasar Baru,225.96002742228245,1.0,1.0
2021-05-01,Pasar Baru,226.92867439764285,1.0,1.0
2021-06-01,Pasar Baru,226.80485337415635,1.0,1.0
2021-07-01,Pasar Baru,226.26863018243137,1.0,1.0
2021-08-01,Pasar Baru,226.27466567708674,1.0,1.0
2021-09-01,Pasar Baru,225.69442925351916,1.0,0.0
2021-10-01,Pasar Baru,225.34576253896918,1.0,1.0
2021-11-01,Pasar Baru,225.09645172140077,1.0,1.0
2021-12-01,Pasar Baru,225.3667988505037,1.0,1.0
2022-01-01,Pasar Baru,226.02581584701056,1.0,1.0
2022-02-01,Pasar Baru,225.59671372206847,1.0,0.0
2022-03-01,Pasar Baru,226.732001454048,1.0,1.0
2022-04-01,Pasar Baru,226.844452857145,1.0,0.0
2022-05-01,Pasar Baru,226.44687458235964,1.0,1.0
2022-06-01,Pasar Baru,226.4951501683929,1.0,1.0
2022-07-01,Pasar Baru,226.28415675734024,1.0,1.0
2022-08-01,Pasar Baru,225.3858937332949,1.0,0.0
2022-09-01,Pasar Baru,225.25748712781586,1.0,0.0
2022-10-01,Pasar Baru,223.99882388684114,0.0,0.0
2022-11-01,Pasar Baru,223.5155532854151,1.0,1.0
2022-12-01,Pasar Baru,223.26891665018465,1.0,1.0
2023-01-01,Pasar Baru,223.65810159699052,1.0,1.0
2023-02-01,Pasar Baru,224.47613122522966,1.0,0.0
2023-03-01,Pasar Baru,224.6629281575892,1.0,1.0
2023-04-01,Pasar Baru,225.7355455201446,1.0,1.0
2023-05-01,Pasar Baru,226.19099081505559,1.0,0.0
2023-06-01,Pasar Baru,225.20201660167632,1.0,1.0
2023-07-01,Pasar Baru,223.843561673636,1.0,1.0
2023-08-01,Pasar Baru,223.33533134761527,1.0,1.0
2023-09-01,Pasar Baru,222.62227324902196,1.0,0.0
2023-10-01,Pasar Baru,222.0662267044534,1.0,1.0
2023-11-01,Pasar Baru,221.79727177508593,1.0,0.0
2023-12-01,Pasar Baru,222.00207272429896,1.0,1.0
2024-01-01,Pasar Baru,222.94188228177873,0.0,1.0
2024-02-01,Pasar Baru,222.98029467623908,1.0,1.0
2024-03-01,Pasar Baru,223.07407373694159,0.0,1.0
2024-04-01,Pasar Baru,223.12245446690062,1.0,1.0
2024-05-01,Pasar Baru,223.69887832298917,1.0,1.0
2024-06-01,Pasar Baru,224.47572959622025,1.0,1.0
2024-07-01,Pasar Baru,223.97775510954008,1.0,1.0
2024-08-01,Pasar Baru,222.07842744145648,1.0,1.0
2024-09-01,Pasar Baru,220.54818758138975,1.0,1.0
2024-10-01,Pasar Baru,219.5959334791642,1.0,1.0
2024-11-01,Pasar Baru,219.03947694455903,1.0,1.0
2024-12-01,Pasar Baru,218.89445735771386,1.0,1.0
2025-01-01,Pasar Baru,219.3227109920843,1.0,0.0
2025-02-01,Pasar Baru,219.8000901273638,0.0,0.0
2025-03-01,Pasar Baru,221.11724436769305,1.0,1.0
2025-04-01,Pasar Baru,221.3965673117988,1.0,1.0
2025-05-01,Pasar Baru,221.33014888671585,1.0,1.0
2025-06-01,Pasar Baru,221.6747348692403,1.0,1.0
2025-07-01,Pasar Baru,220.57168254215148,1.0,1.0
2025-08-01,Pasar Baru,220.2920650213636,1.0,1.0
2025-09-01,Pasar Baru,219.76642516933182,1.0,1.0
2019-01-01,Pasar Usang,198.37720775142816,1.0,1.0
2019-02-01,Pasar Usang,198.78138939449332,1.0,0.0
2019-03-01,Pasar Usang,200.60465880639885,1.0,1.0
2019-04-01,Pasar Usang,201.21308259916864,1.0,1.0
2019-05-01,Pasar Usang,201.07200480117103,1.0,0.0
2019-06-01,Pasar Usang,201.30783426183976,1.0,1.0
2019-07-01,Pasar Usang,200.66508502955296,1.0,1.0
2019-08-01,Pasar Usang,199.9669393315069,1.0,0.0
2019-09-01,Pasar Usang,199.76407021449253,1.0,1.0
2019-10-01,Pasar Usang,199.7209107058258,1.0,1.0
2019-11-01,Pasar Usang,199.30983606041184,1.0,0.0
2019-12-01,Pasar Usang,200.00121467987094,0.0,1.0
2020-01-01,Pasar Usang,201.08129848501736,1.0,0.0
2020-02-01,Pasar Usang,202.52953266384736,1.0,0.0
2020-03-01,Pasar Usang,203.60895630687244,1.0,1.0
2020-04-01,Pasar Usang,205.03816776775133,1.0,1.0
2020-05-01,Pasar Usang,204.58413863573588,0.0,0.0
2020-06-01,Pasar Usang,204.62553171499678,1.0,1.0
2020-07-01,Pasar Usang,204.07917519532927,1.0,1.0
2020-08-01,Pasar Usang,203.81281217442694,1.0,1.0
2020-09-01,Pasar Usang,203.113557969406,1.0,1.0
2020-10-01,Pasar Usang,202.7037742827828,0.0,0.0
2020-11-01,Pasar Usang,203.55502027463362,1.0,1.0
2020-12-01,Pasar Usang,203.67169077899075,1.0,0.0
2021-01-01,Pasar Usang,204.39196564154275,1.0,0.0
2021-02-01,Pasar Usang,205.00836955143828,1.0,0.0
2021-03-01,Pasar Usang,205.8675435434917,1.0,1.0
2021-04-01,Pasar Usang,206.61147720142483,1.0,1.0
2021-05-01,Pasar Usang,207.36002969296234,0.0,0.0
2021-06-01,Pasar Usang,208.1716499776579,0.0,0.0
2021-07-01,Pasar Usang,208.9237328091307,1.0,1.0
2021-08-01,Pasar Usang,208.75033198837687,1.0,1.0
2021-09-01,Pasar Usang,208.63881874089168,0.0,1.0
2021-10-01,Pasar Usang,207.7050909150878,1.0,1.0
2021-11-01,Pasar Usang,207.5548805273387,1.0,1.0
2021-12-01,Pasar Usang,208.25038796127666,1.0,1.0
2022-01-01,Pasar Usang,209.2228582876649,1.0,0.0
2022-02-01,Pasar Usang,210.08684077816756,1.0,1.0
2022-03-01,Pasar Usang,211.39478510616368,1.0,0.0
2022-04-01,Pasar Usang,212.41579825461307,0.0,1.0
2022-05-01,Pasar Usang,213.58571010513037,1.0,0.0
2022-06-01,Pasar Usang,213.95350621897487,1.0,1.0
2022-07-01,Pasar Usang,213.65559576768945,1.0,1.0
2022-08-01,Pasar Usang,213.49225093756698,0.0,1.0
2022-09-01,Pasar Usang,211.50316458789996,1.0,1.0
2022-10-01,Pasar Usang,211.36630061435443,1.0,1.0
2022-11-01,Pasar Usang,209.33294663646979,1.0,0.0
2022-12-01,Pasar Usang,208.63899311540635,0.0,1.0
2023-01-01,Pasar Usang,209.39669243967703,1.0,1.0
2023-02-01,Pasar Usang,210.4011004328226,1.0,0.0
2023-03-01,Pasar Usang,210.62900316452706,0.0,1.0
2023-04-01,Pasar Usang,211.0106407401976,1.0,0.0
2023-05-01,Pasar Usang,212.2628412769591,0.0,0.0
2023-06-01,Pasar Usang,212.21754534428723,1.0,1.0
2023-07-01,Pasar Usang,213.30003890721116,1.0,0.0
2023-08-01,Pasar Usang,212.9571434428217,1.0,1.0
2023-09-01,Pasar Usang,212.74694169857827,1.0,1.0
2023-10-01,Pasar Usang,213.264539225366,0.0,1.0
2023-11-01,Pasar Usang,213.22696059591328,1.0,1.0
2023-12-01,Pasar Usang,212.9048869953208,1.0,1.0
2024-01-01,Pasar Usang,213.37846835372267,1.0,0.0
2024-02-01,Pasar Usang,214.1272579845352,1.0,1.0
2024-03-01,Pasar Usang,214.25046177006453,1.0,1.0
2024-04-01,Pasar Usang,214.88393062871407,1.0,0.0
2024-05-01,Pasar Usang,215.0212987049366,1.0,1.0
2024-06-01,Pasar Usang,215.7332530962356,0.0,1.0
2024-07-01,Pasar Usang,215.64326571613182,1.0,1.0
2024-08-01,Pasar Usang,215.14542355118613,1.0,1.0
2024-09-01,Pasar Usang,214.65703722976136,1.0,0.0
2024-10-01,Pasar Usang,214.43253378131703,1.0,1.0
2024-11-01,Pasar Usang,214.65503958076283,1.0,1.0
2024-12-01,Pasar Usang,214.3322226115951,1.0,1.0
2025-01-01,Pasar Usang,214.3084117569342,0.0,1.0
2025-02-01,Pasar Usang,215.6735975560942,0.0,1.0
2025-03-01,Pasar Usang,216.31326702018006,1.0,1.0
2025-04-01,Pasar Usang,216.32272087516859,1.0,0.0
2025-05-01,Pasar Usang,217.10401129042742,0.0,0.0
2025-06-01,Pasar Usang,217.57240621526665,1.0,1.0
2025-07-01,Pasar Usang,216.63065049337408,1.0,1.0
2025-08-01,Pasar Usang,216.40752164404645,1.0,1.0
2025-09-01,Pasar Usang,216.3707678827573,1.0,0.0
2019-01-01,Silaing Atas,214.18784366963322,1.0,1.0
2019-02-01,Silaing Atas,214.22084251091263,1.0,1.0
2019-03-01,Silaing Atas,215.27287727604718,1.0,1.0
2019-04-01,Silaing Atas,215.90111177417705,1.0,1.0
2019-05-01,Silaing Atas,216.19652984455718,1.0,1.0
2019-06-01,Silaing Atas,216.90035926353835,0.0,1.0
2019-07-01,Silaing Atas,217.61000842482045,1.0,0.0
2019-08-01,Silaing Atas,218.25304368410667,1.0,1.0
2019-09-01,Silaing Atas,218.54860894594822,1.0,0.0
2019-10-01,Silaing Atas,218.15565502312165,1.0,0.0
2019-11-01,Silaing Atas,218.2552617518211,1.0,1.0
2019-12-01,Silaing Atas,218.90913190235904,1.0,1.0
2020-01-01,Silaing Atas,219.5400534393577,1.0,1.0
2020-02-01,Silaing Atas,220.41947852362233,1.0,1.0
2020-03-01,Silaing Atas,221.7745712815621,1.0,1.0
2020-04-01,Silaing Atas,222.5571909137176,1.0,1.0
2020-05-01,Silaing Atas,222.72421381520738,1.0,1.0
2020-06-01,Silaing Atas,222.73300620324517,1.0,0.0
2020-07-01,Silaing Atas,222.9912122194145,0.0,0.0
2020-08-01,Silaing Atas,222.6530177347341,1.0,1.0
2020-09-01,Silaing Atas,222.41309376492072,1.0,1.0
2020-10-01,Silaing Atas,222.4461323745008,1.0,1.0
2020-11-01,Silaing Atas,222.14326179277518,1.0,0.0
2020-12-01,Silaing Atas,222.80290091456027,1.0,1.0
2021-01-01,Silaing Atas,223.5889358803446,1.0,1.0
2021-02-01,Silaing Atas,223.71845267493723,1.0,1.0
2021-03-01,Silaing Atas,225.44119187717067,1.0,0.0
2021-04-01,Silaing Atas,225.9870262488541,1.0,1.0
2021-05-01,Silaing Atas,225.632222791904,1.0,1.0
2021-06-01,Silaing Atas,225.28505433728836,1.0,1.0
2021-07-01,Silaing Atas,224.61452296619262,1.0,1.0
2021-08-01,Silaing Atas,224.301440805606,1.0,0.0
2021-09-01,Silaing Atas,223.71606726811072,1.0,0.0
2021-10-01,Silaing Atas,223.18700219418125,1.0,1.0
2021-11-01,Silaing Atas,223.43781004658797,1.0,0.0
2021-12-01,Silaing Atas,223.86845923227267,1.0,1.0
2022-01-01,Silaing Atas,224.62301840624917,1.0,1.0
2022-02-01,Silaing Atas,225.68009160868695,1.0,0.0
2022-03-01,Silaing Atas,226.9499092032449,1.0,1.0
2022-04-01,Silaing Atas,226.58415323245293,1.0,1.0
2022-05-01,Silaing Atas,226.9614034629595,0.0,1.0
2022-06-01,Silaing Atas,225.96739894722145,1.0,0.0
2022-07-01,Silaing Atas,225.89176117929452,0.0,0.0
2022-08-01,Silaing Atas,225.54486743261822,1.0,1.0
2022-09-01,Silaing Atas,225.6987656958504,1.0,1.0
2022-10-01,Silaing Atas,226.0238761951004,1.0,1.0
2022-11-01,Silaing Atas,226.04238349590455,1.0,1.0
2022-12-01,Silaing Atas,226.00271878461908,0.0,0.0
2023-01-01,Silaing Atas,226.86026807747115,1.0,1.0
2023-02-01,Silaing Atas,227.3940704907648,1.0,1.0
2023-03-01,Silaing Atas,228.32104457060444,1.0,1.0
2023-04-01,Silaing Atas,229.7256884627036,1.0,1.0
2023-05-01,Silaing Atas,229.99684894368363,1.0,0.0
2023-06-01,Silaing Atas,230.7082614901343,1.0,1.0
2023-07-01,Silaing Atas,231.00078659094694,1.0,1.0
2023-08-01,Silaing Atas,230.09816480006103,1.0,0.0
2023-09-01,Silaing Atas,230.21403983293382,1.0,1.0
2023-10-01,Silaing Atas,230.26460758270673,1.0,1.0
2023-11-01,Silaing Atas,230.22543180628858,0.0,1.0
2023-12-01,Silaing Atas,230.03409471868338,1.0,0.0
2024-01-01,Silaing Atas,230.13182163642463,1.0,0.0
2024-02-01,Silaing Atas,230.6676948474925,1.0,1.0
2024-03-01,Silaing Atas,231.92299442270217,1.0,1.0
2024-04-01,Silaing Atas,232.21980939496964,1.0,1.0
2024-05-01,Silaing Atas,233.07321509230454,1.0,1.0
2024-06-01,Silaing Atas,232.5998535124588,1.0,0.0
2024-07-01,Silaing Atas,232.38242035286999,1.0,1.0
2024-08-01,Silaing Atas,232.09185002905,1.0,1.0
2024-09-01,Silaing Atas,233.06073925571818,1.0,1.0
2024-10-01,Silaing Atas,231.90425923656696,1.0,1.0
2024-11-01,Silaing Atas,232.65879054009736,1.0,1.0
2024-12-01,Silaing Atas,232.99656093612109,0.0,1.0
2025-01-01,Silaing Atas,233.83743861194517,1.0,1.0
2025-02-01,Silaing Atas,234.76685044196654,1.0,1.0
2025-03-01,Silaing Atas,235.98678317488148,1.0,1.0
2025-04-01,Silaing Atas,236.763657084424,1.0,1.0
2025-05-01,Silaing Atas,238.23701088967778,1.0,1.0
2025-06-01,Silaing Atas,238.2213749939195,1.0,1.0
2025-07-01,Silaing Atas,238.79418869830556,1.0,0.0
2025-08-01,Silaing Atas,238.0461512432967,1.0,1.0
2025-09-01,Silaing Atas,237.5517782367473,1.0,1.0
2019-01-01,Silaing Bawah,261.8273508400837,1.0,1.0
2019-02-01,Silaing Bawah,263.59542740459113,1.0,1.0
2019-03-01,Silaing Bawah,264.47498698362347,1.0,1.0
2019-04-01,Silaing Bawah,265.1718682906841,1.0,1.0
2019-05-01,Silaing Bawah,264.96976986564385,1.0,0.0
2019-06-01,Silaing Bawah,264.9580394041283,1.0,1.0
2019-07-01,Silaing Bawah,263.64659068017085,1.0,1.0
2019-08-01,Silaing Bawah,262.50034557813757,1.0,0.0
2019-09-01,Silaing Bawah,261.9998203361904,1.0,1.0
2019-10-01,Silaing Bawah,262.3195961698451,1.0,1.0
2019-11-01,Silaing Bawah,263.9052326803705,0.0,1.0
2019-12-01,Silaing Bawah,263.65769622868083,1.0,1.0
2020-01-01,Silaing Bawah,265.1409270467663,1.0,0.0
2020-02-01,Silaing Bawah,266.13255494729515,1.0,0.0
2020-03-01,Silaing Bawah,266.97124446214997,1.0,1.0
2020-04-01,Silaing Bawah,268.09615053419736,1.0,1.0
2020-05-01,Silaing Bawah,268.6819844360537,1.0,1.0
2020-06-01,Silaing Bawah,268.89838076318995,1.0,1.0
2020-07-01,Silaing Bawah,268.36290433881857,1.0,1.0
2020-08-01,Silaing Bawah,266.87128280725886,1.0,1.0
2020-09-01,Silaing Bawah,265.1841636919437,1.0,1.0
2020-10-01,Silaing Bawah,265.06736177902644,1.0,1.0
2020-11-01,Silaing Bawah,264.6266586672105,1.0,1.0
2020-12-01,Silaing Bawah,264.3721548016976,1.0,1.0
2021-01-01,Silaing Bawah,264.9144786431459,1.0,1.0
2021-02-01,Silaing Bawah,266.2714404834799,0.0,1.0
2021-03-01,Silaing Bawah,267.332093845153,1.0,1.0
2021-04-01,Silaing Bawah,267.72866670338567,1.0,1.0
2021-05-01,Silaing Bawah,269.0946221042279,1.0,1.0
2021-06-01,Silaing Bawah,270.29998231512974,1.0,1.0
2021-07-01,Silaing Bawah,270.3712497795339,1.0,1.0
2021-08-01,Silaing Bawah,270.4682947855094,1.0,0.0
2021-09-01,Silaing Bawah,270.6373104131712,1.0,0.0
2021-10-01,Silaing Bawah,270.8400752150872,1.0,1.0
2021-11-01,Silaing Bawah,270.99234870688684,1.0,1.0
2021-12-01,Silaing Bawah,271.5413584497165,1.0,1.0
2022-01-01,Silaing Bawah,272.4460926462283,1.0,1.0
2022-02-01,Silaing Bawah,272.5487470733954,1.0,1.0
2022-03-01,Silaing Bawah,273.990215189933,1.0,1.0
2022-04-01,Silaing Bawah,273.9158475448237,1.0,1.0
2022-05-01,Silaing Bawah,273.9266745159846,1.0,1.0
2022-06-01,Silaing Bawah,274.96482965170827,1.0,1.0
2022-07-01,Silaing Bawah,275.2747094728918,1.0,1.0
2022-08-01,Silaing Bawah,275.72632806381273,0.0,1.0
2022-09-01,Silaing Bawah,274.85783686550565,1.0,1.0
2022-10-01,Silaing Bawah,273.49870722496274,1.0,1.0
2022-11-01,Silaing Bawah,273.06875663807,1.0,1.0
2022-12-01,Silaing Bawah,273.2829728868797,1.0,1.0
2023-01-01,Silaing Bawah,273.89182839780284,1.0,1.0
2023-02-01,Silaing Bawah,275.52745122746404,1.0,1.0
2023-03-01,Silaing Bawah,276.2505693947556,1.0,1.0
2023-04-01,Silaing Bawah,277.3587637698921,1.0,1.0
2023-05-01,Silaing Bawah,277.23491550400826,1.0,1.0
2023-06-01,Silaing Bawah,277.69392035657035,1.0,1.0
2023-07-01,Silaing Bawah,277.4262884008482,0.0,1.0
2023-08-01,Silaing Bawah,276.33299581184576,1.0,1.0
2023-09-01,Silaing Bawah,275.48729539649185,1.0,1.0
2023-10-01,Silaing Bawah,274.79040252200895,1.0,1.0
2023-11-01,Silaing Bawah,274.3380256678055,1.0,1.0
2023-12-01,Silaing Bawah,275.6987315638483,1.0,1.0
2024-01-01,Silaing Bawah,276.1904246317856,1.0,1.0
2024-02-01,Silaing Bawah,276.88561454101193,1.0,1.0
2024-03-01,Silaing Bawah,276.40624524780577,1.0,1.0
2024-04-01,Silaing Bawah,276.6511972034341,1.0,1.0
2024-05-01,Silaing Bawah,277.030496862006,1.0,1.0
2024-06-01,Silaing Bawah,276.7018624812565,1.0,1.0
2024-07-01,Silaing Bawah,277.38791244269015,1.0,1.0
2024-08-01,Silaing Bawah,276.6995249612356,1.0,1.0
2024-09-01,Silaing Bawah,276.90451041225174,1.0,1.0
2024-10-01,Silaing Bawah,276.3738935389493,1.0,1.0
2024-11-01,Silaing Bawah,276.13108507709455,1.0,1.0
2024-12-01,Silaing Bawah,276.21590025054087,1.0,1.0
2025-01-01,Silaing Bawah,276.7792613269071,1.0,1.0
2025-02-01,Silaing Bawah,278.8382629163979,1.0,1.0
2025-03-01,Silaing Bawah,278.2000996012486,1.0,1.0
2025-04-01,Silaing Bawah,277.67407755467815,1.0,1.0
2025-05-01,Silaing Bawah,277.85994542648166,1.0,1.0
2025-06-01,Silaing Bawah,278.0171038478598,1.0,1.0
2025-07-01,Silaing Bawah,278.22618803015837,1.0,1.0
2025-08-01,Silaing Bawah,277.9785896346476,1.0,0.0
2025-09-01,Silaing Bawah,277.02496641967025,1.0,1.0
2019-01-01,Tanah Hitam,227.80625070196047,1.0,0.0
2019-02-01,Tanah Hitam,228.58453549590396,1.0,1.0
2019-03-01,Tanah Hitam,229.9038611116579,1.0,1.0
2019-04-01,Tanah Hitam,230.74037918736363,1.0,1.0
2019-05-01,Tanah Hitam,230.8442465514679,1.0,0.0
2019-06-01,Tanah Hitam,231.3292712795167,1.0,1.0
2019-07-01,Tanah Hitam,231.1283872972198,1.0,0.0
2019-08-01,Tanah Hitam,230.61072187382018,1.0,1.0
2019-09-01,Tanah Hitam,230.8476752025061,1.0,1.0
2019-10-01,Tanah Hitam,228.91859435349602,1.0,0.0
2019-11-01,Tanah Hitam,227.8461657257875,1.0,1.0
2019-12-01,Tanah Hitam,227.25084822738813,1.0,1.0
2020-01-01,Tanah Hitam,227.4659693613599,0.0,1.0
2020-02-01,Tanah Hitam,227.9929005203228,0.0,1.0
2020-03-01,Tanah Hitam,227.89623865412392,1.0,1.0
2020-04-01,Tanah Hitam,228.00671271714583,1.0,0.0
2020-05-01,Tanah Hitam,227.93839328535785,1.0,1.0
2020-06-01,Tanah Hitam,229.42037456759778,1.0,0.0
2020-07-01,Tanah Hitam,230.18998656404628,1.0,1.0
2020-08-01,Tanah Hitam,229.43723360434385,1.0,1.0
2020-09-01,Tanah Hitam,228.62234278301898,1.0,1.0
2020-10-01,Tanah Hitam,227.4541651976776,1.0,1.0
2020-11-01,Tanah Hitam,226.11003118041538,1.0,1.0
2020-12-01,Tanah Hitam,226.12441705275944,1.0,1.0
2021-01-01,Tanah Hitam,225.97906440036647,1.0,1.0
2021-02-01,Tanah Hitam,226.59873867379412,1.0,1.0
2021-03-01,Tanah Hitam,226.44987491469402,1.0,1.0
2021-04-01,Tanah Hitam,226.68637092974274,1.0,1.0
2021-05-01,Tanah Hitam,227.1915912029132,1.0,1.0
2021-06-01,Tanah Hitam,227.4805283908068,1.0,0.0
2021-07-01,Tanah Hitam,227.45729789671762,0.0,1.0
2021-08-01,Tanah Hitam,226.1978916945635,1.0,1.0
2021-09-01,Tanah Hitam,226.0816084316686,1.0,1.0
2021-10-01,Tanah Hitam,225.12322248234787,1.0,0.0
2021-11-01,Tanah Hitam,225.2213149191444,1.0,0.0
2021-12-01,Tanah Hitam,225.29548517120796,1.0,1.0
2022-01-01,Tanah Hitam,224.93706369053774,1.0,1.0
2022-02-01,Tanah Hitam,225.42339980508956,1.0,0.0
2022-03-01,Tanah Hitam,226.38674022199913,1.0,1.0
2022-04-01,Tanah Hitam,227.40364010971703,1.0,0.0
2022-05-01,Tanah Hitam,227.74550455143373,1.0,0.0
2022-06-01,Tanah Hitam,228.6990153160502,1.0,1.0
2022-07-01,Tanah Hitam,229.01262749092152,1.0,1.0
2022-08-01,Tanah Hitam,228.35232243562297,1.0,0.0
2022-09-01,Tanah Hitam,228.17539599216266,1.0,1.0
2022-10-01,Tanah Hitam,228.7642177679536,1.0,1.0
2022-11-01,Tanah Hitam,229.62231130758323,1.0,1.0
2022-12-01,Tanah Hitam,228.99884893529517,1.0,1.0
2023-01-01,Tanah Hitam,228.89255424773876,1.0,1.0
2023-02-01,Tanah Hitam,230.4211434216582,1.0,1.0
2023-03-01,Tanah Hitam,230.5829938455619,1.0,1.0
2023-04-01,Tanah Hitam,230.49970862020422,0.0,1.0
2023-05-01,Tanah Hitam,230.64693336132106,1.0,0.0
2023-06-01,Tanah Hitam,230.9714232652003,1.0,1.0
2023-07-01,Tanah Hitam,230.6479928601428,1.0,0.0
2023-08-01,Tanah Hitam,229.7563459979416,1.0,0.0
2023-09-01,Tanah Hitam,228.76237118125835,1.0,1.0
2023-10-01,Tanah Hitam,227.84276446534454,1.0,1.0
2023-11-01,Tanah Hitam,227.08157290385668,1.0,1.0
2023-12-01,Tanah Hitam,228.45815053415507,1.0,0.0
2024-01-01,Tanah Hitam,229.05251186412536,1.0,1.0
2024-02-01,Tanah Hitam,230.23863215639295,1.0,1.0
2024-03-01,Tanah Hitam,230.72908587602612,1.0,1.0
2024-04-01,Tanah Hitam,231.30329288865272,1.0,0.0
2024-05-01,Tanah Hitam,231.31931411563164,1.0,0.0
2024-06-01,Tanah Hitam,229.8676228982525,1.0,1.0
2024-07-01,Tanah Hitam,228.81352213636376,1.0,1.0
2024-08-01,Tanah Hitam,227.26686480590004,1.0,1.0
2024-09-01,Tanah Hitam,225.3908400282838,1.0,1.0
2024-10-01,Tanah Hitam,224.213225318248,1.0,1.0
2024-11-01,Tanah Hitam,224.6984208815087,1.0,1.0
2024-12-01,Tanah Hitam,224.75342656855457,1.0,1.0
2025-01-01,Tanah Hitam,225.89716547018028,1.0,1.0
2025-02-01,Tanah Hitam,226.79746083071444,0.0,0.0
2025-03-01,Tanah Hitam,228.00401430912575,1.0,1.0
2025-04-01,Tanah Hitam,228.16271217791203,1.0,1.0
2025-05-01,Tanah Hitam,228.88570752000163,1.0,1.0
2025-06-01,Tanah Hitam,229.38430340277316,0.0,1.0
2025-07-01,Tanah Hitam,228.7914426405765,1.0,1.0
2025-08-01,Tanah Hitam,228.59757393689992,1.0,1.0
2025-09-01,Tanah Hitam,228.31561832725862,1.0,1.0
2019-01-01,Tanah Pak Lambik,274.23618775164533,1.0,1.0
2019-02-01,Tanah Pak Lambik,274.23082944026544,1.0,1.0
2019-03-01,Tanah Pak Lambik,275.20944043277194,1.0,1.0
2019-04-01,Tanah Pak Lambik,276.2468284568181,1.0,1.0
2019-05-01,Tanah Pak Lambik,276.2098307434544,1.0,1.0
2019-06-01,Tanah Pak Lambik,276.3250138451819,1.0,1.0
2019-07-01,Tanah Pak Lambik,276.4009211275756,1.0,1.0
2019-08-01,Tanah Pak Lambik,276.20565530015864,1.0,1.0
2019-09-01,Tanah Pak Lambik,276.5423201276349,1.0,1.0
2019-10-01,Tanah Pak Lambik,276.801388696459,1.0,1.0
2019-11-01,Tanah Pak Lambik,275.7909669496649,1.0,1.0
2019-12-01,Tanah Pak Lambik,277.04884052295046,1.0,1.0
2020-01-01,Tanah Pak Lambik,277.19322556695204,1.0,1.0
2020-02-01,Tanah Pak Lambik,278.7370255157206,1.0,1.0
2020-03-01,Tanah Pak Lambik,279.7187691491104,1.0,1.0
2020-04-01,Tanah Pak Lambik,280.25473849267826,1.0,1.0
2020-05-01,Tanah Pak Lambik,279.5046211810073,1.0,1.0
2020-06-01,Tanah Pak Lambik,279.4826702216284,1.0,1.0
2020-07-01,Tanah Pak Lambik,278.07296682637025,1.0,1.0
2020-08-01,Tanah Pak Lambik,278.11866818522805,1.0,1.0
2020-09-01,Tanah Pak Lambik,278.4333332351009,1.0,1.0
2020-10-01,Tanah Pak Lambik,277.2538176799369,1.0,1.0
2020-11-01,Tanah Pak Lambik,277.1440416072712,1.0,0.0
2020-12-01,Tanah Pak Lambik,276.7384168899375,1.0,1.0
2021-01-01,Tanah Pak Lambik,276.81505460230517,1.0,1.0
2021-02-01,Tanah Pak Lambik,278.16908464965223,1.0,1.0
2021-03-01,Tanah Pak Lambik,279.07449981974827,0.0,1.0
2021-04-01,Tanah Pak Lambik,281.1149421941563,1.0,1.0
2021-05-01,Tanah Pak Lambik,281.29576639825484,1.0,1.0
2021-06-01,Tanah Pak Lambik,282.09738702739105,0.0,1.0
2021-07-01,Tanah Pak Lambik,281.84159637007747,1.0,1.0
2021-08-01,Tanah Pak Lambik,281.7673343003302,1.0,1.0
2021-09-01,Tanah Pak Lambik,280.70635170936106,1.0,0.0
2021-10-01,Tanah Pak Lambik,280.04049405878834,1.0,1.0
2021-11-01,Tanah Pak Lambik,279.6376797411067,1.0,1.0
2021-12-01,Tanah Pak Lambik,279.15101257197875,1.0,1.0
2022-01-01,Tanah Pak Lambik,280.1306427716399,1.0,1.0
2022-02-01,Tanah Pak Lambik,281.4136216762177,1.0,1.0
2022-03-01,Tanah Pak Lambik,282.7757868839921,1.0,1.0
2022-04-01,Tanah Pak Lambik,284.69958427713414,1.0,1.0
2022-05-01,Tanah Pak Lambik,286.2600572087775,1.0,1.0
2022-06-01,Tanah Pak Lambik,286.0919756362575,1.0,0.0
2022-07-01,Tanah Pak Lambik,286.0294813827005,1.0,1.0
2022-08-01,Tanah Pak Lambik,284.9414375681072,1.0,1.0
2022-09-01,Tanah Pak Lambik,284.20278625674496,1.0,1.0
2022-10-01,Tanah Pak Lambik,283.1385994804345,1.0,1.0
2022-11-01,Tanah Pak Lambik,283.95843258284367,1.0,1.0
2022-12-01,Tanah Pak Lambik,284.3162459009701,1.0,1.0
2023-01-01,Tanah Pak Lambik,284.68727018683285,1.0,1.0
2023-02-01,Tanah Pak Lambik,286.378984778555,1.0,1.0
2023-03-01,Tanah Pak Lambik,285.77955117335534,1.0,1.0
2023-04-01,Tanah Pak Lambik,285.17924414963346,1.0,1.0
2023-05-01,Tanah Pak Lambik,286.27556774848426,1.0,1.0
2023-06-01,Tanah Pak Lambik,286.4192066580862,1.0,1.0
2023-07-01,Tanah Pak Lambik,286.2689500881869,1.0,1.0
2023-08-01,Tanah Pak Lambik,284.6781549927136,1.0,1.0
2023-09-01,Tanah Pak Lambik,283.9071168749589,1.0,1.0
2023-10-01,Tanah Pak Lambik,284.68759201349224,1.0,1.0
2023-11-01,Tanah Pak Lambik,284.94612537882796,1.0,1.0
2023-12-01,Tanah Pak Lambik,285.1669419483458,1.0,1.0
2024-01-01,Tanah Pak Lambik,285.381212289687,1.0,1.0
2024-02-01,Tanah Pak Lambik,285.9406084579451,1.0,1.0
2024-03-01,Tanah Pak Lambik,285.3717990483075,1.0,1.0
2024-04-01,Tanah Pak Lambik,286.3978573852315,1.0,1.0
2024-05-01,Tanah Pak Lambik,287.53447669609693,1.0,1.0
2024-06-01,Tanah Pak Lambik,286.5022559113885,1.0,1.0
2024-07-01,Tanah Pak Lambik,285.69957971499673,1.0,1.0
2024-08-01,Tanah Pak Lambik,284.2323364362273,1.0,1.0
2024-09-01,Tanah Pak Lambik,282.79482955980933,1.0,1.0
2024-10-01,Tanah Pak Lambik,282.19670235464986,1.0,0.0
2024-11-01,Tanah Pak Lambik,280.4033388874204,1.0,1.0
2024-12-01,Tanah Pak Lambik,280.9323873024041,1.0,1.0
2025-01-01,Tanah Pak Lambik,281.9828436220767,1.0,0.0
2025-02-01,Tanah Pak Lambik,282.6370171016686,1.0,1.0
2025-03-01,Tanah Pak Lambik,281.82557215407274,1.0,1.0
2025-04-01,Tanah Pak Lambik,281.95270912499956,1.0,1.0
2025-05-01,Tanah Pak Lambik,283.34527706027365,1.0,1.0
2025-06-01,Tanah Pak Lambik,281.4760783839509,1.0,1.0
2025-07-01,Tanah Pak Lambik,280.9081134761855,1.0,1.0
2025-08-01,Tanah Pak Lambik,279.44968644656433,1.0,0.0
2025-09-01,Tanah Pak Lambik,279.26960047040194,1.0,1.0
